"parameter","mean","sd","q025","q50","q975"
"alpha",0.286931722632412,0.147325708909337,0.0724676574313728,0.270820285557017,0.586852681694053
"beta",0.211949338680799,0.135422153899004,0.0115730495596683,0.204928717682512,0.503465790719897
"gamma",0.438815679252844,0.603370336497123,0.00673854312344404,0.195629956399585,2.24277348169335
"mu",0.727960875626944,0.493987005558988,0.250062719444306,0.574001091394003,2.16983482565933
